trigger,stamp,channel,index,type,delay,factor,rate,count,data
4470,21:14:36,0,4469,0,0.0021,12,440,439,2.5665,2.5653,2.554,2.5651,2.5596,2.5576,2.559,2.5605,2.5625,2.5569,2.5595,2.5605,2.5605,2.5637,2.5665,2.5651,2.5605,2.5594,2.5547,2.5549,2.5614,2.5635,2.5611,2.5605,2.5635,2.5577,2.5614,2.5665,2.5647,2.5605,2.5605,2.5573,2.5489,2.5563,2.5653,2.5613,2.5548,2.5605,2.5598,2.5552,2.5593,2.5647,1.9853,-0.77478,-2.5601,-2.5635,-2.5635,-2.5635,-2.5493,-2.5547,-2.5599,-2.5534,-2.5519,-2.5562,-2.5565,-2.5681,-2.5532,-2.5549,-2.5582,-2.5524,-2.5544,-2.5547,-2.5632,-2.56,-2.556,-2.5516,-2.5554,-2.5605,-2.557,-2.5525,-2.5493,-2.5536,-2.5546,-2.5635,-2.5578,-2.5611,-2.5605,-2.5526,-2.5546,-2.5531,-2.5516,-2.5516,-2.556,-2.5526,-2.5516,-2.5575,-2.3059,1.1281,2.5665,2.5637,2.5539,2.5529,2.5542,2.5555,2.5619,2.5635,2.5609,2.5605,2.5546,2.5563,2.5652,2.5596,2.5564,2.5574,2.5622,2.5635,2.5635,2.5587,2.5602,2.5634,2.5604,2.5583,2.5616,2.5572,2.5635,2.5608,2.5576,2.5594,2.5605,2.5605,2.5579,2.549,2.5547,2.5586,2.5636,2.5541,2.5584,2.5546,2.5593,2.5617,1.9611,-1.6026,-2.5554,-2.5602,-2.5458,-2.5579,-2.5589,-2.5532,-2.5565,-2.5559,-2.5606,-2.5671,-2.5614,-2.5553,-2.5571,-2.5576,-2.5575,-2.5518,-2.5551,-2.5598,-2.5635,-2.5576,-2.5545,-2.5603,-2.5586,-2.5501,-2.5535,-2.5573,-2.5576,-2.5645,-2.5726,-2.559,-2.5616,-2.5588,-2.5562,-2.555,-2.5576,-2.5553,-2.5546,-2.5626,-2.5606,-2.5581,-2.5643,-2.5536,-1.628,1.2689,2.5604,2.5635,2.5616,2.5649,2.5593,2.5496,2.5486,2.5609,2.5661,2.5635,2.5653,2.5672,2.5594,2.5497,2.555,2.5648,2.5618,2.5579,2.5633,2.5634,2.5605,2.5593,2.5563,2.5605,2.5579,2.5577,2.5624,2.5594,2.5552,2.5649,2.5637,2.5573,2.5505,2.5665,2.5641,2.5565,2.5546,2.5623,2.5623,2.5616,2.5635,2.5534,2.5571,-2.5546,-2.5611,-2.5644,-2.5553,-2.5596,-2.5635,-2.559,-2.5581,-2.5565,-2.5568,-2.5525,-2.5488,-2.5546,-2.5541,-2.5505,-2.5598,-2.5556,-2.554,-2.5561,-2.5546,-2.5565,-2.5487,-2.5554,-2.5548,-2.5516,-2.5578,-2.5601,-2.5576,-2.5566,-2.5546,-2.556,-2.5559,-2.5488,-2.5478,-2.551,-2.5596,-2.5605,-2.5574,-2.555,-2.5589,-2.5608,-2.5546,-2.5504,-1.3864,1.4556,2.5597,2.5558,2.5625,2.5578,2.552,2.5605,2.5599,2.5593,2.5647,2.5625,2.5527,2.556,2.5626,2.5565,2.5649,2.5637,2.5576,2.5576,2.5593,2.5632,2.5556,2.5576,2.5607,2.5617,2.5647,2.5596,2.5524,2.56,2.5604,2.5525,2.56,2.5583,2.5585,2.5584,2.562,2.5623,2.5595,2.5621,2.5635,2.5608,2.5546,2.5546,1.8341,-1.9258,-2.5615,-2.5598,-2.5575,-2.5623,-2.5675,-2.5562,-2.554,-2.5573,-2.5516,-2.5548,-2.5576,-2.5576,-2.5566,-2.5558,-2.559,-2.5555,-2.5535,-2.5567,-2.5551,-2.5546,-2.5516,-2.5489,-2.5546,-2.5559,-2.5605,-2.5605,-2.5605,-2.5589,-2.5595,-2.5562,-2.557,-2.5523,-2.5573,-2.5518,-2.5579,-2.5593,-2.5528,-2.5508,-2.5587,-2.5538,-2.5549,-2.5521,-1.2202,2.1186,2.5635,2.5573,2.5526,2.56,2.5576,2.5576,2.5589,2.5637,2.5611,2.5555,2.5569,2.5576,2.5547,2.5606,2.5639,2.5654,2.5597,2.5576,2.5563,2.5561,2.5558,2.5566,2.5598,2.5555,2.5712,2.5635,2.5605,2.5595,2.5561,2.5616,2.5598,2.5561,2.5576,2.5595,2.5605,2.5605,2.5551,2.5575,2.5603,2.5576,2.5583,2.5605,0.99457,-1.9089,-2.5576,-2.5576,-2.5576,-2.5625,-2.5555,-2.5575,-2.5521,-2.5605,-2.5592,-2.5564,-2.5582,-2.556,-2.5592,-2.5625,-2.5614,-2.5581,-2.5602,-2.5605,-2.5577,-2.5605,-2.5593,-2.5563,-2.5605,-2.5605,-2.5589,-2.5557,-2.5609,-2.5541,-2.5542,-2.5546,-2.5543,-2.5497,-2.5582,-2.5614,-2.5613,-2.5562,-2.5562,-2.5576,-2.5555,-2.5522,-2.5541,-2.5461,-1.608
4470,21:14:36,0,4469,1,0.0021,12,440,439,2.5156,2.5486,2.5215,2.5427,2.5274,2.5368,2.5334,2.5309,2.5393,2.525,2.5156,2.5156,2.5156,2.5516,2.5461,2.524,2.5402,2.5299,2.517,2.5201,2.5516,2.5516,2.5516,2.5195,2.5506,2.5176,2.5516,2.5516,2.5407,2.5295,2.5348,2.5156,2.4702,2.4951,2.5156,2.5472,2.517,2.5156,2.5156,2.5156,2.5156,2.529,0.23196,-2.5709,-2.5875,-2.5875,-2.5875,-2.5875,-2.5875,-2.5875,-2.5875,-2.5875,-2.5875,-2.5875,-2.5875,-2.6063,-2.6017,-2.5875,-2.5875,-2.5875,-2.5875,-2.5875,-2.5875,-2.5875,-2.5875,-2.5875,-2.6029,-2.6234,-2.6021,-2.5875,-2.5875,-2.5875,-2.5875,-2.5875,-2.5875,-2.5875,-2.5875,-2.5875,-2.5875,-2.5875,-2.5875,-2.5875,-2.5875,-2.5875,-2.5875,-2.5875,-2.5875,-1.7866,2.5516,2.5401,2.5156,2.4982,2.5001,2.5156,2.5419,2.5516,2.5194,2.5508,2.4819,2.5208,2.5516,2.5405,2.5156,2.5326,2.5516,2.5516,2.5257,2.5444,2.5198,2.5503,2.5156,2.5203,2.5439,2.5262,2.5516,2.5516,2.5321,2.538,2.5516,2.5232,2.5469,2.4831,2.5169,2.5516,2.5372,2.4898,2.5156,2.5316,2.5326,2.5156,-1.0688,-2.6315,-2.5926,-2.5875,-2.5875,-2.5875,-2.5875,-2.5875,-2.5875,-2.5875,-2.606,-2.602,-2.5875,-2.5875,-2.5875,-2.5875,-2.5875,-2.5875,-2.5875,-2.6059,-2.6351,-2.5875,-2.5875,-2.6085,-2.5995,-2.5875,-2.5875,-2.6203,-2.5877,-2.5931,-2.6479,-2.5875,-2.5875,-2.5875,-2.5875,-2.5875,-2.5875,-2.5875,-2.5875,-2.5875,-2.5875,-2.5875,-2.5875,-2.5875,-2.5875,-0.57718,2.5327,2.5516,2.5516,2.5516,2.5516,2.5197,2.5156,2.5175,2.5516,2.5438,2.5264,2.5516,2.5349,2.496,2.5022,2.5411,2.5231,2.5156,2.55,2.5516,2.5516,2.5443,2.5156,2.5288,2.5354,2.5156,2.5377,2.5516,2.5236,2.5466,2.5176,2.5156,2.5195,2.5447,2.5254,2.5388,2.5156,2.5343,2.5516,2.527,2.5432,2.5211,2.4822,-2.5875,-2.5943,-2.6466,-2.5875,-2.5998,-2.6234,-2.6052,-2.5875,-2.5875,-2.6146,-2.5934,-2.5875,-2.5875,-2.5875,-2.5875,-2.5875,-2.5875,-2.5875,-2.5875,-2.5875,-2.5875,-2.5875,-2.5875,-2.5875,-2.5875,-2.5875,-2.5875,-2.5875,-2.5875,-2.5875,-2.5875,-2.5875,-2.5875,-2.5875,-2.5875,-2.6195,-2.5884,-2.5875,-2.5875,-2.5875,-2.5875,-2.5875,-2.5875,-2.5875,0.63785,2.5156,2.5156,2.5472,2.5516,2.5172,2.5516,2.5516,2.5516,2.5516,2.5516,2.5323,2.5379,2.5264,2.5156,2.5467,2.5516,2.5167,2.5516,2.5516,2.5416,2.5156,2.5156,2.5344,2.5516,2.5516,2.5239,2.485,2.5133,2.5497,2.4509,2.5222,2.5516,2.5391,2.531,2.5332,2.5156,2.5399,2.5516,2.5214,2.5156,2.5156,2.5156,1.6541,-2.5875,-2.5875,-2.5875,-2.5875,-2.5875,-2.6351,-2.6059,-2.5875,-2.5875,-2.5875,-2.5875,-2.5875,-2.5875,-2.5875,-2.5875,-2.5875,-2.5875,-2.5875,-2.5875,-2.5875,-2.5875,-2.5875,-2.5875,-2.5875,-2.5875,-2.5875,-2.5875,-2.5875,-2.5875,-2.5875,-2.5875,-2.5875,-2.5875,-2.5875,-2.5875,-2.5875,-2.5875,-2.5875,-2.5875,-2.5875,-2.5875,-2.5875,-2.5875,-2.5875,1.8842,2.5516,2.5156,2.5156,2.5156,2.5156,2.5156,2.5156,2.5346,2.5296,2.5156,2.5156,2.5464,2.5178,2.5516,2.5516,2.5449,2.5156,2.5156,2.5156,2.5341,2.5301,2.5156,2.543,2.5212,2.5489,2.5159,2.5516,2.5453,2.5064,2.504,2.5365,2.5337,2.5516,2.5516,2.5516,2.5217,2.5485,2.5516,2.5184,2.5458,2.5243,2.5516,0.44572,-2.6059,-2.5875,-2.611,-2.597,-2.5875,-2.5875,-2.5875,-2.5875,-2.5875,-2.5875,-2.5875,-2.5875,-2.5875,-2.5875,-2.5875,-2.5875,-2.5875,-2.5875,-2.6223,-2.5875,-2.5875,-2.5953,-2.6127,-2.5875,-2.5875,-2.5875,-2.5875,-2.5875,-2.5875,-2.5875,-2.6219,-2.5875,-2.5875,-2.5875,-2.5875,-2.5875,-2.5875,-2.5875,-2.5875,-2.5875,-2.5875,-2.5875,-2.5875,-2.455
4470,21:14:36,0,4469,2,0.0021,12,440,439,2.5875,2.5875,2.5875,2.5875,2.5875,2.6171,2.6239,2.5875,2.5875,2.5875,2.5875,2.5875,2.5875,2.5875,2.5875,2.5875,2.5875,2.5875,2.5875,2.5875,2.5875,2.5875,2.5875,2.5875,2.5875,2.5875,2.5875,2.5875,2.5875,2.5875,2.5875,2.5875,2.5875,2.5875,2.6161,2.5919,2.5875,2.5875,2.5875,2.5875,2.5875,2.5875,2.5875,-0.15184,-2.5156,-2.5156,-2.5156,-2.5156,-2.4816,-2.5156,-2.5156,-2.5156,-2.5156,-2.5156,-2.5156,-2.5156,-2.4938,-2.5044,-2.5156,-2.5156,-2.5156,-2.5156,-2.5156,-2.5156,-2.5156,-2.5032,-2.4951,-2.5156,-2.5156,-2.5156,-2.5156,-2.5156,-2.5156,-2.5156,-2.5156,-2.5156,-2.5156,-2.5156,-2.5156,-2.5156,-2.5156,-2.5156,-2.5156,-2.5156,-2.5156,-2.5156,-2.1401,2.5931,2.6149,2.5875,2.5875,2.5875,2.5875,2.5875,2.5875,2.5875,2.5875,2.5875,2.5875,2.5875,2.5875,2.5875,2.5875,2.5875,2.5875,2.5875,2.5875,2.5875,2.5875,2.5875,2.6217,2.5875,2.5875,2.5875,2.5875,2.5875,2.5875,2.5875,2.5875,2.5875,2.5875,2.5875,2.5875,2.5875,2.5875,2.5875,2.5875,2.5875,2.5875,2.5875,2.5875,-1.3669,-2.5156,-2.5156,-2.5156,-2.5156,-2.5156,-2.5156,-2.5156,-2.5156,-2.5156,-2.5371,-2.5271,-2.5156,-2.5156,-2.5156,-2.5156,-2.5156,-2.5156,-2.5156,-2.5156,-2.5156,-2.5156,-2.5156,-2.5156,-2.5156,-2.5156,-2.5156,-2.5156,-2.5156,-2.5156,-2.5156,-2.5156,-2.5156,-2.5156,-2.5156,-2.5156,-2.5156,-2.5156,-2.5156,-2.5156,-2.5156,-2.5156,-2.5239,-0.94978,2.5875,2.5875,2.5875,2.5875,2.6135,2.5945,2.5875,2.5875,2.5875,2.5875,2.5953,2.6127,2.5875,2.5875,2.5875,2.5875,2.5875,2.5875,2.5875,2.5875,2.5875,2.5875,2.5875,2.5875,2.5875,2.5875,2.5875,2.6096,2.5984,2.5875,2.5875,2.5875,2.5875,2.5875,2.5875,2.5875,2.5875,2.5875,2.5875,2.5875,2.6121,2.5959,2.5875,2.5875,-2.5156,-2.5156,-2.5156,-2.5156,-2.5156,-2.5156,-2.5156,-2.5156,-2.5156,-2.5156,-2.5156,-2.5156,-2.5156,-2.5156,-2.5156,-2.5156,-2.5038,-2.4945,-2.5156,-2.5156,-2.5156,-2.489,-2.5092,-2.5156,-2.5156,-2.5156,-2.5156,-2.5156,-2.5156,-2.5156,-2.5156,-2.5156,-2.5156,-2.5156,-2.5156,-2.5156,-2.5156,-2.5156,-2.5156,-2.5156,-2.5156,-2.5156,-2.5156,0.27023,2.5743,2.5875,2.5875,2.5875,2.5875,2.5875,2.5875,2.5875,2.5875,2.5875,2.5875,2.5875,2.5875,2.5875,2.5875,2.5875,2.5875,2.5875,2.5875,2.5875,2.5875,2.5875,2.5875,2.5875,2.5875,2.5875,2.5875,2.5875,2.5875,2.5875,2.5875,2.5875,2.5875,2.5875,2.5875,2.5875,2.5875,2.5875,2.5875,2.5875,2.5875,2.5875,2.5875,2.5814,1.2793,-2.5156,-2.5156,-2.5156,-2.5156,-2.5156,-2.5156,-2.5156,-2.5156,-2.5156,-2.5156,-2.5156,-2.5156,-2.5156,-2.5012,-2.4971,-2.5156,-2.5156,-2.5156,-2.5156,-2.5156,-2.5156,-2.5156,-2.5156,-2.5156,-2.5156,-2.5156,-2.5156,-2.5156,-2.5156,-2.5156,-2.5156,-2.5156,-2.5156,-2.5156,-2.5156,-2.5156,-2.5156,-2.5156,-2.5156,-2.5156,-2.5156,-2.5156,1.505,2.5875,2.5875,2.5875,2.5875,2.5875,2.5875,2.5875,2.5875,2.5875,2.5875,2.5875,2.5875,2.5875,2.5875,2.5875,2.5875,2.5875,2.5875,2.5875,2.5875,2.5875,2.5875,2.5875,2.5875,2.5875,2.6208,2.5875,2.5875,2.5875,2.5875,2.5875,2.5875,2.5875,2.5875,2.5875,2.5875,2.5875,2.5875,2.5875,2.5875,2.5875,2.5875,2.5875,2.5729,0.072808,-2.5156,-2.5156,-2.5156,-2.5156,-2.5156,-2.5156,-2.5156,-2.5156,-2.5156,-2.5156,-2.5156,-2.5156,-2.5156,-2.5156,-2.5156,-2.5156,-2.5156,-2.5156,-2.5156,-2.5156,-2.5156,-2.5156,-2.5156,-2.5156,-2.5156,-2.5156,-2.5156,-2.5156,-2.5156,-2.5156,-2.5156,-2.5156,-2.5156,-2.5156,-2.5156,-2.5156,-2.5156,-2.5156,-2.5156,-2.5156,-2.5156,-2.5156,2.5525
4471,21:14:39,0,4470,0,0.0021,12,440,439,2.5605,2.5548,2.559,2.5643,2.5566,2.557,2.5591,2.5593,2.5586,2.562,2.5635,2.5608,2.5605,2.5552,2.5631,2.5598,2.5566,2.5581,2.5607,2.5576,2.5576,2.5684,2.5556,2.5622,2.5606,2.5582,2.5691,2.5646,2.5594,2.5658,2.5639,2.5625,2.5646,2.5614,2.5534,2.5647,2.555,2.5548,2.5613,2.5653,2.5597,2.5553,1.9812,-0.76741,-2.5504,-2.5537,-2.5546,-2.5494,-2.5599,-2.5576,-2.5572,-2.5528,-2.5472,-2.5526,-2.5546,-2.5561,-2.5576,-2.5576,-2.5576,-2.555,-2.5546,-2.5574,-2.5513,-2.5497,-2.5546,-2.5556,-2.5601,-2.5605,-2.5576,-2.5616,-2.5567,-2.5546,-2.549,-2.5665,-2.5493,-2.5591,-2.5665,-2.5655,-2.5611,-2.5576,-2.5576,-2.5536,-2.5516,-2.5466,-2.551,-2.5545,-2.2759,1.47,2.5567,2.5635,2.5635,2.5635,2.5601,2.5556,2.5546,2.5546,2.5572,2.5634,2.56,2.552,2.5559,2.5578,2.5539,2.5604,2.5569,2.5573,2.5584,2.5576,2.5628,2.5664,2.5634,2.5609,2.5623,2.5576,2.5576,2.5589,2.5622,2.5617,2.5605,2.5605,2.5605,2.5577,2.5634,2.5609,2.5623,2.5601,2.5654,2.5609,2.5607,2.5617,1.9652,-1.6012,-2.5605,-2.5521,-2.5486,-2.5492,-2.5534,-2.5502,-2.5546,-2.5559,-2.5576,-2.5576,-2.5596,-2.556,-2.5596,-2.5467,-2.5486,-2.557,-2.5526,-2.5576,-2.5576,-2.5613,-2.562,-2.5576,-2.5556,-2.5523,-2.5565,-2.5521,-2.5575,-2.549,-2.5541,-2.5523,-2.5536,-2.554,-2.5546,-2.555,-2.5556,-2.559,-2.5556,-2.5546,-2.5634,-2.5576,-2.5576,-2.5562,-1.6191,1.2755,2.5591,2.5592,2.5625,2.5614,2.5557,2.5625,2.5606,2.5547,2.5596,2.5712,2.5656,2.5635,2.5608,2.5592,2.5605,2.5605,2.5605,2.5632,2.5578,2.5578,2.5632,2.5599,2.5576,2.5576,2.5589,2.5605,2.5605,2.5605,2.5559,2.5623,2.5607,2.5548,2.5622,2.5544,2.5665,2.5633,2.5576,2.5591,2.5569,2.5587,2.556,2.5596,2.5522,-2.5574,-2.5491,-2.5546,-2.5546,-2.5546,-2.5533,-2.5561,-2.557,-2.5505,-2.5531,-2.5546,-2.5518,-2.5576,-2.5576,-2.5566,-2.5523,-2.5575,-2.5623,-2.5591,-2.5507,-2.5574,-2.5547,-2.554,-2.5464,-2.5574,-2.5546,-2.5559,-2.5635,-2.5598,-2.5528,-2.556,-2.5508,-2.5533,-2.5554,-2.5618,-2.5582,-2.5576,-2.5579,-2.5623,-2.5552,-2.5576,-2.5552,-2.5516,-1.3908,1.4545,2.5576,2.5576,2.5549,2.5574,2.5605,2.5613,2.5653,2.5614,2.5613,2.5576,2.5592,2.5587,2.5597,2.5605,2.558,2.5576,2.5632,2.5522,2.5599,2.5662,2.5586,2.5619,2.5573,2.5588,2.5677,2.5626,2.558,2.5576,2.5635,2.5611,2.5649,2.5576,2.5586,2.5593,2.5591,2.5588,2.5555,2.5591,2.5631,2.5608,2.5516,2.566,1.7682,-2.2406,-2.5615,-2.5576,-2.5561,-2.5563,-2.5556,-2.5568,-2.5551,-2.5546,-2.5575,-2.5576,-2.5576,-2.559,-2.5626,-2.5581,-2.5589,-2.555,-2.5525,-2.548,-2.5529,-2.5626,-2.5548,-2.5632,-2.5576,-2.5569,-2.5546,-2.5534,-2.553,-2.5529,-2.5516,-2.5537,-2.557,-2.5602,-2.5577,-2.5577,-2.5598,-2.5539,-2.5524,-2.5568,-2.5578,-2.5562,-2.5594,-2.5584,-1.1961,2.1177,2.5547,2.5574,2.5549,2.557,2.5571,2.5635,2.5609,2.5607,2.5544,2.5548,2.5529,2.5541,2.5489,2.5606,2.5632,2.5611,2.5635,2.5635,2.5622,2.5575,2.5635,2.5634,2.5491,2.5557,2.5659,2.5695,2.5633,2.5616,2.5658,2.5625,2.5618,2.559,2.5546,2.5605,2.5635,2.5611,2.5605,2.5605,2.5665,2.5661,2.5628,2.5615,1.0012,-1.9013,-2.5528,-2.5516,-2.5538,-2.5497,-2.5594,-2.5547,-2.5632,-2.5584,-2.5601,-2.5504,-2.5546,-2.5517,-2.5502,-2.5516,-2.5559,-2.5576,-2.5602,-2.5605,-2.5549,-2.5597,-2.5539,-2.5534,-2.553,-2.5511,-2.5576,-2.5613,-2.5529,-2.5509,-2.5542,-2.5517,-2.5602,-2.5512,-2.5504,-2.5567,-2.5535,-2.5543,-2.5607,-2.5599,-2.5576,-2.5529,-2.549,-2.5514,-1.5933
4471,21:14:39,0,4470,1,0.0021,12,440,439,2.5516,2.5486,2.5215,2.5427,2.5274,2.5516,2.5338,2.5156,2.5156,2.5156,2.5156,2.5481,2.5516,2.5516,2.5516,2.5432,2.5156,2.5156,2.5329,2.5313,2.5156,2.5418,2.5225,2.5477,2.5166,2.5176,2.5516,2.5516,2.5516,2.5516,2.5348,2.5354,2.5516,2.5516,2.4943,2.5429,2.517,2.5172,2.5516,2.5516,2.5411,2.5156,0.21236,-2.5709,-2.5875,-2.5875,-2.5875,-2.5875,-2.6216,-2.5886,-2.6194,-2.5875,-2.5875,-2.5875,-2.5875,-2.5875,-2.5875,-2.5875,-2.6152,-2.5928,-2.5875,-2.5875,-2.5875,-2.5875,-2.5875,-2.5875,-2.5875,-2.5875,-2.5875,-2.5875,-2.5875,-2.5875,-2.5875,-2.6233,-2.5875,-2.5875,-2.5965,-2.6115,-2.5875,-2.5875,-2.5875,-2.5875,-2.5875,-2.5875,-2.5875,-2.5875,-2.5875,-1.7922,2.5156,2.5156,2.5301,2.5516,2.5312,2.5156,2.5156,2.5156,2.5156,2.5508,2.5156,2.5156,2.5237,2.5405,2.5296,2.5516,2.5316,2.5156,2.5415,2.5228,2.5474,2.5169,2.5516,2.5516,2.5439,2.5156,2.5292,2.5351,2.5156,2.538,2.5516,2.5232,2.5469,2.5516,2.5503,2.5156,2.5156,2.5257,2.5385,2.5156,2.5346,2.5516,-1.008,-2.6153,-2.5926,-2.5875,-2.5875,-2.5875,-2.5875,-2.5875,-2.5875,-2.5875,-2.5875,-2.5875,-2.5875,-2.5875,-2.5875,-2.5875,-2.5875,-2.5875,-2.5875,-2.5875,-2.5875,-2.5875,-2.5875,-2.5875,-2.5875,-2.5875,-2.6174,-2.5906,-2.5875,-2.5875,-2.5875,-2.5875,-2.5875,-2.5875,-2.5875,-2.5875,-2.611,-2.597,-2.5875,-2.5875,-2.5875,-2.5875,-2.5875,-2.5875,-2.5763,-0.54124,2.5344,2.5156,2.5386,2.5516,2.5226,2.5475,2.5516,2.5497,2.5204,2.5516,2.5516,2.5516,2.5349,2.5156,2.5156,2.5156,2.5441,2.5201,2.55,2.517,2.5516,2.5443,2.5156,2.5156,2.5318,2.5516,2.5295,2.5407,2.5516,2.5206,2.5156,2.5156,2.5117,2.4934,2.5516,2.5516,2.5358,2.5343,2.5299,2.5402,2.5516,2.5516,2.5181,-2.5875,-2.5875,-2.5939,-2.6141,-2.5875,-2.5875,-2.5875,-2.5875,-2.5875,-2.5875,-2.5875,-2.5875,-2.6234,-2.5875,-2.5875,-2.5875,-2.5875,-2.6023,-2.6057,-2.5875,-2.6111,-2.5968,-2.5875,-2.5875,-2.5875,-2.5875,-2.5929,-2.6234,-2.6121,-2.5875,-2.5875,-2.5875,-2.5875,-2.5875,-2.5875,-2.5875,-2.5875,-2.5875,-2.5875,-2.5875,-2.5875,-2.5875,-2.5875,-2.5875,0.63785,2.5156,2.5156,2.5156,2.5156,2.5516,2.5516,2.5441,2.526,2.5382,2.532,2.5323,2.5379,2.5516,2.5234,2.5467,2.5175,2.5156,2.5156,2.5226,2.5416,2.5285,2.5516,2.5327,2.5374,2.5516,2.5239,2.5156,2.5156,2.5156,2.5192,2.545,2.5156,2.5156,2.5156,2.534,2.5302,2.5156,2.5429,2.5516,2.5184,2.48,2.5516,1.6839,-2.5875,-2.5875,-2.5875,-2.5875,-2.5875,-2.5875,-2.5875,-2.6172,-2.5908,-2.5875,-2.5875,-2.5875,-2.5875,-2.5875,-2.5875,-2.6223,-2.6186,-2.5875,-2.5875,-2.5875,-2.5875,-2.5875,-2.6213,-2.5875,-2.5875,-2.5875,-2.5875,-2.5875,-2.5875,-2.5875,-2.5875,-2.5875,-2.5875,-2.5875,-2.5892,-2.6188,-2.5875,-2.5875,-2.5875,-2.5875,-2.5875,-2.5875,-2.5875,-2.5875,1.8529,2.5156,2.5491,2.4881,2.5444,2.5257,2.5516,2.5516,2.5516,2.5077,2.5295,2.5237,2.5156,2.5156,2.5164,2.5516,2.5516,2.5516,2.539,2.5312,2.5145,2.5226,2.5271,2.4882,2.51,2.5489,2.5513,2.5189,2.5516,2.5516,2.5394,2.5307,2.5335,2.5156,2.5156,2.5425,2.5217,2.5156,2.5514,2.5516,2.5458,2.5156,2.5273,0.46034,-2.5875,-2.5875,-2.5875,-2.5875,-2.5875,-2.5875,-2.5875,-2.5875,-2.5875,-2.5957,-2.6122,-2.5875,-2.5875,-2.5875,-2.5875,-2.5875,-2.5875,-2.6513,-2.5897,-2.5875,-2.5875,-2.5875,-2.5875,-2.5875,-2.6041,-2.6038,-2.5875,-2.5875,-2.5875,-2.5875,-2.5875,-2.5875,-2.5875,-2.5875,-2.5875,-2.5875,-2.5875,-2.5875,-2.6096,-2.6234,-2.5954,-2.5875,-2.5875,-2.455
4471,21:14:39,0,4470,2,0.0021,12,440,439,2.5875,2.5875,2.5875,2.5875,2.5875,2.5875,2.5875,2.5875,2.5875,2.5875,2.5875,2.5875,2.5875,2.5875,2.5875,2.5875,2.5875,2.5875,2.5875,2.5875,2.5875,2.6398,2.6012,2.5875,2.5875,2.5895,2.6234,2.6155,2.5875,2.6013,2.6066,2.5875,2.5875,2.5875,2.5875,2.5875,2.5875,2.5875,2.5875,2.5875,2.5875,2.5875,2.5875,-0.15184,-2.5156,-2.5156,-2.5156,-2.5156,-2.5156,-2.5156,-2.5156,-2.5016,-2.4637,-2.5156,-2.5156,-2.5156,-2.5156,-2.5156,-2.5156,-2.5156,-2.5156,-2.5156,-2.5156,-2.5156,-2.5156,-2.5156,-2.5156,-2.5156,-2.5156,-2.5156,-2.5156,-2.5156,-2.5156,-2.5156,-2.5156,-2.5217,-2.5425,-2.5156,-2.5156,-2.5156,-2.5156,-2.5156,-2.5156,-2.5156,-2.5156,-2.5156,-2.1401,2.5875,2.5875,2.5875,2.5875,2.5875,2.5875,2.5875,2.5875,2.5875,2.5875,2.5875,2.5875,2.5875,2.5875,2.5875,2.5875,2.5875,2.5875,2.5875,2.5875,2.5875,2.5875,2.5875,2.5875,2.5875,2.5875,2.5875,2.5875,2.5875,2.6264,2.6146,2.5875,2.5875,2.5875,2.5875,2.5875,2.5875,2.5875,2.5875,2.5875,2.5875,2.5875,2.5875,2.5875,-1.3669,-2.5156,-2.5156,-2.5156,-2.5156,-2.5022,-2.463,-2.5156,-2.5156,-2.5156,-2.5156,-2.5156,-2.5156,-2.5156,-2.5156,-2.5156,-2.5156,-2.5156,-2.5156,-2.5156,-2.5156,-2.5156,-2.5156,-2.5156,-2.5156,-2.5156,-2.5156,-2.5156,-2.5156,-2.5156,-2.5156,-2.5156,-2.5156,-2.5156,-2.5156,-2.5156,-2.5156,-2.5156,-2.5156,-2.5156,-2.5156,-2.5156,-2.5156,-0.92504,2.5875,2.5875,2.5875,2.5875,2.5875,2.5875,2.5875,2.5875,2.5875,2.5971,2.6438,2.5875,2.5875,2.5875,2.5875,2.6101,2.5979,2.5875,2.5875,2.5875,2.5875,2.5875,2.5875,2.5875,2.5875,2.5875,2.5875,2.5875,2.5875,2.5875,2.5875,2.5875,2.5875,2.5875,2.5875,2.5973,2.6107,2.5875,2.5875,2.5875,2.5875,2.5875,2.5875,2.5875,-2.5156,-2.5156,-2.5156,-2.5156,-2.5156,-2.5156,-2.5156,-2.5156,-2.5156,-2.5156,-2.5156,-2.5156,-2.5156,-2.5156,-2.5156,-2.5156,-2.5156,-2.5156,-2.5156,-2.4949,-2.5033,-2.5156,-2.5156,-2.5156,-2.5156,-2.5156,-2.5156,-2.5156,-2.5156,-2.5156,-2.5156,-2.5156,-2.5156,-2.5156,-2.5156,-2.5156,-2.5156,-2.5156,-2.5156,-2.5156,-2.5156,-2.5156,-2.5156,0.27023,2.5743,2.5875,2.5875,2.5875,2.5875,2.5875,2.5875,2.5875,2.5875,2.5875,2.5875,2.6068,2.6012,2.5875,2.5875,2.5875,2.5875,2.5875,2.5875,2.5875,2.5875,2.5875,2.5875,2.5875,2.5875,2.5875,2.5875,2.5875,2.5875,2.5875,2.5875,2.5875,2.5875,2.5875,2.5875,2.5875,2.5875,2.5875,2.5875,2.5875,2.5875,2.5875,2.5875,2.5814,1.2793,-2.5156,-2.5156,-2.5156,-2.5156,-2.5156,-2.5156,-2.5156,-2.5156,-2.5156,-2.5156,-2.51,-2.4882,-2.5156,-2.5156,-2.5156,-2.5156,-2.5156,-2.5156,-2.5156,-2.5156,-2.5156,-2.5156,-2.5156,-2.5156,-2.5156,-2.5156,-2.5156,-2.5156,-2.5156,-2.5156,-2.5156,-2.5156,-2.4809,-2.5156,-2.5156,-2.5156,-2.5156,-2.5156,-2.5156,-2.5156,-2.5156,-2.5156,1.505,2.6188,2.5892,2.5875,2.5875,2.5875,2.5875,2.5875,2.5875,2.5875,2.5875,2.5875,2.5875,2.5875,2.5875,2.5875,2.5875,2.5875,2.5875,2.5875,2.5875,2.5875,2.5875,2.5875,2.5875,2.5875,2.5875,2.5875,2.5875,2.5999,2.641,2.5875,2.5875,2.5875,2.5875,2.5875,2.5875,2.5875,2.5875,2.5875,2.5875,2.5875,2.5875,2.5875,2.5729,0.072808,-2.5156,-2.5156,-2.5156,-2.5156,-2.5156,-2.5156,-2.5156,-2.5156,-2.5156,-2.5156,-2.5156,-2.5156,-2.5156,-2.5156,-2.5156,-2.5156,-2.5156,-2.5156,-2.5156,-2.5156,-2.5156,-2.5156,-2.4882,-2.477,-2.5156,-2.5156,-2.5156,-2.5156,-2.5156,-2.5156,-2.5156,-2.5156,-2.5156,-2.5156,-2.5156,-2.5156,-2.5156,-2.5156,-2.5156,-2.5156,-2.4847,-2.5136,2.5525
4472,21:14:41,0,4471,0,0.0021,12,440,439,2.5546,2.5613,2.5685,2.5621,2.5546,2.5535,2.562,2.5566,2.5575,2.5672,2.5646,2.5581,2.5694,2.5543,2.5525,2.559,2.5616,2.5576,2.5604,2.5635,2.5635,2.5614,2.5557,2.5572,2.5634,2.5634,2.5601,2.5562,2.5552,2.5612,2.5576,2.5576,2.5632,2.5644,2.5612,2.5658,2.5608,2.5549,2.5632,2.5618,2.5657,2.5624,1.9725,-0.7861,-2.5576,-2.5534,-2.5563,-2.555,-2.5517,-2.5606,-2.5632,-2.56,-2.5567,-2.5546,-2.5546,-2.5514,-2.5504,-2.5516,-2.5562,-2.5524,-2.5656,-2.5605,-2.5581,-2.5625,-2.5576,-2.5586,-2.558,-2.5576,-2.5623,-2.5595,-2.5621,-2.561,-2.5578,-2.5605,-2.5523,-2.5585,-2.5508,-2.5586,-2.5593,-2.5576,-2.561,-2.5596,-2.5553,-2.5546,-2.5546,-2.5575,-2.3052,1.1338,2.5553,2.5585,2.5581,2.5604,2.5597,2.5565,2.5576,2.56,2.5552,2.5546,2.5665,2.5657,2.5599,2.5594,2.56,2.5546,2.5529,2.5573,2.5605,2.5605,2.5605,2.5605,2.5603,2.5549,2.5582,2.5597,2.5564,2.5546,2.5562,2.5557,2.5609,2.5565,2.5598,2.5577,2.5491,2.5621,2.5522,2.5579,2.5622,2.5572,2.5621,2.5617,2.2618,-1.5002,-2.5546,-2.5574,-2.5458,-2.5572,-2.5557,-2.5589,-2.5556,-2.5576,-2.556,-2.5599,-2.5615,-2.5469,-2.5476,-2.5541,-2.5576,-2.56,-2.5546,-2.5569,-2.5615,-2.5601,-2.5605,-2.5558,-2.5526,-2.5538,-2.5595,-2.5578,-2.5576,-2.5601,-2.556,-2.5614,-2.5546,-2.5558,-2.559,-2.5554,-2.5516,-2.556,-2.5576,-2.5602,-2.5635,-2.5577,-2.5601,-2.5548,-1.6149,1.2743,2.5561,2.5579,2.5605,2.5605,2.5557,2.5572,2.5605,2.5544,2.5528,2.5593,2.5563,2.5571,2.5557,2.5573,2.5546,2.5567,2.5599,2.5579,2.5518,2.5578,2.5632,2.5605,2.5597,2.5598,2.5622,2.559,2.5594,2.5585,2.5552,2.5623,2.5692,2.5605,2.5576,2.5564,2.5548,2.5646,2.5652,2.5635,2.5635,2.5635,2.5612,2.5631,2.558,-2.5516,-2.5573,-2.5556,-2.559,-2.5546,-2.5584,-2.5605,-2.547,-2.5496,-2.5568,-2.555,-2.5463,-2.5546,-2.5518,-2.556,-2.5628,-2.5596,-2.5526,-2.55,-2.558,-2.5566,-2.5523,-2.5614,-2.5554,-2.5605,-2.5605,-2.5615,-2.5637,-2.5536,-2.5528,-2.5546,-2.5562,-2.546,-2.5548,-2.563,-2.5582,-2.5634,-2.5547,-2.558,-2.5579,-2.5513,-2.5552,-2.5544,-1.3902,1.4548,2.5631,2.5618,2.5658,2.5665,2.5605,2.5602,2.5576,2.5593,2.5635,2.5622,2.5573,2.5601,2.5635,2.5588,2.5576,2.5576,2.5547,2.5605,2.5611,2.5619,2.5597,2.5635,2.5557,2.554,2.5617,2.5566,2.5571,2.5604,2.5604,2.5525,2.56,2.5568,2.5566,2.5593,2.553,2.5557,2.5585,2.5598,2.558,2.5714,2.5546,2.563,1.8386,-1.9168,-2.5595,-2.5538,-2.553,-2.5541,-2.5555,-2.5576,-2.5452,-2.5562,-2.5546,-2.5603,-2.5576,-2.5576,-2.5547,-2.5522,-2.5576,-2.5559,-2.5507,-2.5551,-2.5576,-2.5576,-2.5517,-2.5658,-2.5546,-2.5546,-2.5546,-2.5534,-2.5544,-2.5559,-2.5622,-2.5622,-2.5605,-2.5605,-2.5577,-2.5571,-2.5497,-2.5576,-2.5558,-2.5549,-2.5647,-2.5663,-2.5617,-2.5605,-1.5483,2.0623,2.5548,2.5577,2.5595,2.5534,2.5597,2.5554,2.5569,2.5588,2.5546,2.5587,2.5605,2.5785,2.5618,2.5606,2.5623,2.5521,2.557,2.5625,2.558,2.5607,2.563,2.5626,2.5635,2.561,2.5578,2.5665,2.5603,2.5576,2.5583,2.5595,2.5576,2.5545,2.5568,2.5645,2.5531,2.556,2.563,2.5665,2.5578,2.5601,2.5568,2.5555,0.99767,-1.8984,-2.5537,-2.5536,-2.5538,-2.5546,-2.5653,-2.5518,-2.5581,-2.5648,-2.5552,-2.5585,-2.5594,-2.5547,-2.5549,-2.5595,-2.5562,-2.5666,-2.5642,-2.5606,-2.5598,-2.5476,-2.5593,-2.5546,-2.5546,-2.5532,-2.5516,-2.5553,-2.5618,-2.5564,-2.5624,-2.5549,-2.5601,-2.5493,-2.5546,-2.5546,-2.5557,-2.5602,-2.5619,-2.5605,-2.5564,-2.5569,-2.5576,-2.5576,-1.5961
4472,21:14:41,0,4471,1,0.0021,12,440,439,2.5156,2.5186,2.5516,2.5427,2.5156,2.5156,2.5334,2.5309,2.5156,2.5156,2.5156,2.5156,2.5511,2.5131,2.4851,2.5156,2.5156,2.5299,2.517,2.5201,2.5516,2.5254,2.5156,2.5156,2.5506,2.5495,2.5206,2.5436,2.5265,2.5516,2.5348,2.5354,2.5288,2.5413,2.5516,2.5516,2.5516,2.5156,2.5201,2.5516,2.5516,2.5516,0.21562,-2.5875,-2.5875,-2.5875,-2.5875,-2.5875,-2.5875,-2.5875,-2.5915,-2.6164,-2.5875,-2.5875,-2.5875,-2.5875,-2.5875,-2.637,-2.604,-2.5875,-2.5875,-2.5875,-2.5875,-2.5875,-2.5875,-2.5999,-2.608,-2.5875,-2.6301,-2.6108,-2.5875,-2.5875,-2.5875,-2.5875,-2.5875,-2.5875,-2.5875,-2.5875,-2.6024,-2.6055,-2.5875,-2.5875,-2.5875,-2.5875,-2.5875,-2.5875,-2.6181,-1.7619,2.5156,2.5271,2.5226,2.5145,2.5312,2.539,2.5516,2.5223,2.5156,2.5156,2.5516,2.5464,2.5156,2.5267,2.5376,2.5156,2.5156,2.5156,2.5415,2.5228,2.5474,2.5516,2.5173,2.5469,2.5232,2.541,2.5156,2.5156,2.5351,2.5292,2.541,2.4949,2.511,2.5156,2.4822,2.5474,2.5156,2.5257,2.5385,2.4996,2.5176,2.5516,-1.008,-2.5875,-2.5875,-2.5875,-2.5875,-2.5875,-2.5875,-2.5875,-2.5875,-2.6031,-2.6049,-2.5875,-2.5875,-2.5875,-2.5875,-2.5875,-2.5875,-2.5875,-2.5875,-2.5875,-2.5875,-2.6026,-2.6234,-2.6024,-2.5875,-2.5875,-2.6472,-2.5937,-2.5875,-2.5875,-2.5875,-2.5875,-2.5875,-2.5875,-2.5875,-2.5875,-2.5875,-2.5875,-2.5875,-2.5875,-2.5875,-2.5875,-2.5875,-2.5875,-2.5763,-0.5554,2.5156,2.5357,2.5285,2.5156,2.5156,2.5156,2.5505,2.5156,2.5156,2.5156,2.5156,2.5156,2.5156,2.5156,2.5382,2.526,2.5441,2.5516,2.4828,2.517,2.5472,2.5156,2.5156,2.5288,2.5516,2.5516,2.5516,2.5265,2.5156,2.5466,2.5516,2.5506,2.5156,2.5088,2.4895,2.5284,2.5516,2.5516,2.5299,2.5402,2.524,2.5461,2.5181,-2.5875,-2.5875,-2.5875,-2.5875,-2.5875,-2.6027,-2.6052,-2.5875,-2.5875,-2.5875,-2.5875,-2.5875,-2.5875,-2.5875,-2.5875,-2.5875,-2.5875,-2.5875,-2.5875,-2.5875,-2.5875,-2.5875,-2.5875,-2.62,-2.588,-2.5875,-2.5875,-2.5875,-2.5875,-2.5875,-2.5875,-2.5875,-2.5875,-2.5875,-2.6457,-2.5953,-2.5875,-2.5875,-2.5875,-2.5875,-2.5875,-2.5875,-2.5875,-2.5875,0.63785,2.5413,2.5516,2.5516,2.5516,2.5516,2.5516,2.5441,2.526,2.5516,2.5516,2.513,2.5019,2.5408,2.5234,2.5156,2.5497,2.5167,2.5516,2.5516,2.5416,2.5285,2.5516,2.5327,2.5156,2.5404,2.5239,2.5156,2.5492,2.5509,2.5192,2.5516,2.5516,2.5391,2.531,2.5148,2.5223,2.5516,2.5243,2.5156,2.5488,2.5158,2.5485,1.6541,-2.5965,-2.6115,-2.5875,-2.5875,-2.5875,-2.5875,-2.5875,-2.5875,-2.5875,-2.5875,-2.5875,-2.5931,-2.6149,-2.5875,-2.5875,-2.5875,-2.5875,-2.5875,-2.5875,-2.5875,-2.6519,-2.5891,-2.5875,-2.5875,-2.5875,-2.5875,-2.5875,-2.5875,-2.5875,-2.5875,-2.5875,-2.5875,-2.5875,-2.5875,-2.6217,-2.5875,-2.5875,-2.5875,-2.5875,-2.5875,-2.5875,-2.5875,-2.6129,-2.5951,1.8529,2.5156,2.5169,2.5432,2.4868,2.5156,2.5156,2.5316,2.5326,2.5156,2.5156,2.5435,2.5516,2.5178,2.5516,2.5441,2.4864,2.5156,2.5156,2.5001,2.4982,2.5371,2.5516,2.5516,2.5212,2.5156,2.5513,2.5156,2.5156,2.5248,2.5394,2.5156,2.5156,2.5156,2.5396,2.5246,2.5156,2.5485,2.5158,2.5156,2.5156,2.5156,2.5156,0.43903,-2.5875,-2.5875,-2.5875,-2.5875,-2.5875,-2.6199,-2.5881,-2.5875,-2.5875,-2.5875,-2.5875,-2.6017,-2.6063,-2.5875,-2.5875,-2.5875,-2.6454,-2.5956,-2.5875,-2.5875,-2.5875,-2.5875,-2.5982,-2.6097,-2.5875,-2.5875,-2.5875,-2.5875,-2.5875,-2.5875,-2.5875,-2.5875,-2.5875,-2.5875,-2.5978,-2.6234,-2.6073,-2.5875,-2.5875,-2.5875,-2.5875,-2.5875,-2.5875,-2.454
4472,21:14:41,0,4471,2,0.0021,12,440,439,2.5875,2.6205,2.5875,2.5875,2.5875,2.5875,2.5875,2.5875,2.5875,2.6407,2.6003,2.5875,2.5875,2.5875,2.5875,2.5875,2.5875,2.5875,2.6048,2.6032,2.5875,2.5875,2.5875,2.5875,2.5875,2.5875,2.5875,2.5875,2.5875,2.5875,2.5875,2.5875,2.6102,2.5978,2.5875,2.5875,2.5875,2.5875,2.5875,2.5875,2.5875,2.5875,2.5712,-0.16849,-2.5156,-2.5156,-2.5156,-2.5156,-2.5156,-2.5156,-2.5156,-2.5156,-2.5156,-2.5027,-2.4956,-2.5156,-2.5156,-2.5156,-2.5156,-2.5156,-2.5156,-2.5156,-2.5156,-2.5156,-2.5156,-2.5156,-2.5156,-2.5156,-2.5156,-2.5156,-2.5156,-2.5156,-2.5156,-2.5156,-2.5156,-2.5156,-2.5156,-2.5156,-2.5156,-2.5156,-2.5156,-2.5156,-2.5156,-2.5156,-2.5156,-2.5156,-2.1401,2.5875,2.5875,2.5875,2.5875,2.6049,2.6031,2.5875,2.5875,2.5875,2.5875,2.5875,2.5875,2.5875,2.5875,2.5875,2.5875,2.5875,2.5875,2.5875,2.5875,2.5875,2.5875,2.5875,2.5875,2.5875,2.5875,2.5875,2.5875,2.5875,2.5875,2.5875,2.5875,2.5875,2.5875,2.5875,2.5875,2.5875,2.5875,2.5976,2.6104,2.5875,2.5875,2.5875,2.5875,-1.3112,-2.5054,-2.5156,-2.5156,-2.5156,-2.5156,-2.5156,-2.5156,-2.5156,-2.5156,-2.5156,-2.5156,-2.5156,-2.5156,-2.5156,-2.5156,-2.5156,-2.5156,-2.5156,-2.5156,-2.5156,-2.5156,-2.5156,-2.5156,-2.5156,-2.5156,-2.5156,-2.5156,-2.5156,-2.5156,-2.5156,-2.5156,-2.5156,-2.5156,-2.5156,-2.4686,-2.4966,-2.5156,-2.5156,-2.5156,-2.5156,-2.5156,-2.5156,-0.92504,2.5875,2.5875,2.5875,2.5875,2.5875,2.5875,2.5875,2.5875,2.5875,2.5875,2.5875,2.5875,2.5875,2.5875,2.5875,2.5875,2.5875,2.5875,2.5875,2.5875,2.5875,2.5875,2.5875,2.5875,2.5875,2.5875,2.5875,2.5875,2.5875,2.5875,2.5875,2.5875,2.5875,2.5875,2.5875,2.5875,2.5875,2.5875,2.5875,2.5875,2.5875,2.5875,2.5875,2.5875,-2.5156,-2.5156,-2.5156,-2.5156,-2.5033,-2.4949,-2.5156,-2.4945,-2.5038,-2.5156,-2.5156,-2.5156,-2.5156,-2.5156,-2.5156,-2.5156,-2.5156,-2.5156,-2.5156,-2.5156,-2.5156,-2.489,-2.5092,-2.4831,-2.5152,-2.5181,-2.5461,-2.5156,-2.5156,-2.5156,-2.5156,-2.5156,-2.4693,-2.4699,-2.5088,-2.5156,-2.5156,-2.5156,-2.5156,-2.5156,-2.5156,-2.5156,-2.5156,0.30975,2.6007,2.5875,2.5875,2.5875,2.5875,2.5875,2.5875,2.5875,2.5875,2.5875,2.5875,2.5875,2.5875,2.5875,2.5875,2.5875,2.5875,2.5875,2.5875,2.5875,2.5875,2.5875,2.5875,2.5875,2.5875,2.5875,2.5875,2.5875,2.5875,2.6228,2.5875,2.5875,2.5875,2.5875,2.5875,2.5875,2.5875,2.5875,2.5875,2.5875,2.6206,2.5875,2.5906,2.6174,1.3062,-2.5156,-2.5007,-2.4976,-2.5156,-2.5156,-2.4889,-2.5094,-2.5156,-2.5156,-2.5156,-2.5156,-2.5156,-2.5156,-2.5156,-2.5156,-2.5156,-2.5156,-2.5156,-2.5156,-2.5156,-2.5156,-2.5156,-2.5156,-2.5156,-2.5156,-2.5156,-2.5156,-2.5156,-2.5156,-2.5156,-2.5156,-2.5156,-2.5156,-2.5156,-2.5156,-2.5156,-2.5156,-2.5156,-2.5156,-2.5156,-2.5156,-2.5156,1.4767,2.5828,2.5875,2.5875,2.5875,2.5875,2.5875,2.5875,2.5875,2.5875,2.5875,2.5875,2.5875,2.6491,2.5919,2.5883,2.6197,2.5875,2.5875,2.5875,2.5875,2.5875,2.5875,2.5875,2.5875,2.5875,2.5875,2.5875,2.5908,2.6172,2.5875,2.5875,2.5875,2.5875,2.5875,2.5875,2.5875,2.5875,2.5875,2.6591,2.5875,2.5875,2.5875,2.5875,2.5729,0.072808,-2.5156,-2.5156,-2.5156,-2.5156,-2.5156,-2.5156,-2.518,-2.5463,-2.5156,-2.5156,-2.5156,-2.5156,-2.5156,-2.5156,-2.5156,-2.5156,-2.5156,-2.5156,-2.5156,-2.5156,-2.5156,-2.5156,-2.5156,-2.5156,-2.5156,-2.5156,-2.5156,-2.5156,-2.5156,-2.5156,-2.5156,-2.5156,-2.5156,-2.5156,-2.5156,-2.5156,-2.5156,-2.5156,-2.5156,-2.5156,-2.5156,-2.5156,2.5525
4473,21:14:43,0,4472,0,0.0021,12,440,439,2.5605,2.553,2.5666,2.5545,2.5645,2.5628,2.5576,2.5576,2.5595,2.5561,2.5546,2.5627,2.5635,2.5631,2.5576,2.559,2.5645,2.5618,2.556,2.5576,2.5556,2.5546,2.5594,2.5579,2.5605,2.5664,2.5623,2.5546,2.5564,2.5617,2.5635,2.5602,2.5632,2.5644,2.5588,2.5602,2.5605,2.5634,2.5613,2.5647,2.5576,2.5609,1.7933,-0.96877,-2.5553,-2.5555,-2.5616,-2.5609,-2.552,-2.5575,-2.5546,-2.5534,-2.5502,-2.5556,-2.5576,-2.5591,-2.5605,-2.5585,-2.5552,-2.5546,-2.5546,-2.5517,-2.5573,-2.5546,-2.5553,-2.5565,-2.5571,-2.5605,-2.5588,-2.5555,-2.5546,-2.5596,-2.5523,-2.5605,-2.5546,-2.5561,-2.562,-2.5576,-2.56,-2.5606,-2.5593,-2.5566,-2.5479,-2.5505,-2.5434,-2.5574,-2.2731,1.4719,2.563,2.5525,2.557,2.5591,2.5626,2.5626,2.5627,2.5611,2.5659,2.5577,2.5521,2.5601,2.5576,2.5585,2.5594,2.5604,2.5602,2.5595,2.5562,2.5618,2.5635,2.5607,2.5578,2.5624,2.5571,2.5657,2.5624,2.5605,2.5589,2.5576,2.5618,2.5612,2.5579,2.5633,2.5574,2.5549,2.5587,2.561,2.5524,2.5512,2.5656,2.5627,1.9634,-1.6012,-2.5657,-2.5581,-2.5545,-2.5519,-2.5534,-2.5502,-2.5556,-2.5563,-2.5576,-2.5605,-2.5585,-2.5621,-2.5534,-2.5571,-2.5516,-2.5527,-2.563,-2.5575,-2.5506,-2.5571,-2.556,-2.5586,-2.5595,-2.5531,-2.559,-2.5523,-2.5486,-2.5548,-2.5571,-2.5553,-2.5585,-2.5593,-2.5561,-2.5546,-2.5565,-2.5531,-2.554,-2.56,-2.5605,-2.56,-2.5538,-2.5652,-1.6243,1.2773,2.562,2.5602,2.5518,2.5529,2.557,2.5576,2.5546,2.5492,2.5593,2.5529,2.5576,2.5587,2.555,2.5535,2.5576,2.5554,2.5522,2.562,2.5607,2.5578,2.5625,2.5533,2.5528,2.5624,2.5619,2.5604,2.5668,2.5642,2.5582,2.5498,2.5627,2.5576,2.5605,2.5605,2.5605,2.5616,2.5609,2.5576,2.5612,2.5615,2.5628,2.5661,2.1596,-2.5575,-2.5554,-2.5619,-2.5538,-2.5536,-2.5576,-2.5606,-2.5583,-2.5546,-2.5613,-2.566,-2.5638,-2.5605,-2.5546,-2.555,-2.5576,-2.5556,-2.554,-2.5605,-2.5635,-2.5596,-2.5553,-2.557,-2.5603,-2.5517,-2.5543,-2.5525,-2.559,-2.5626,-2.5582,-2.5574,-2.5555,-2.5535,-2.5567,-2.56,-2.5579,-2.5576,-2.563,-2.5546,-2.5526,-2.5492,-2.5564,-2.5532,-1.1438,1.6236,2.5593,2.5552,2.5519,2.5631,2.5634,2.5624,2.5712,2.5554,2.5564,2.5573,2.5605,2.5605,2.5584,2.5552,2.5571,2.5604,2.5632,2.5526,2.56,2.5576,2.5586,2.5566,2.5594,2.5629,2.5688,2.5656,2.5635,2.5663,2.5575,2.5555,2.563,2.5598,2.5586,2.5605,2.5605,2.5588,2.5576,2.5621,2.5535,2.5571,2.5516,2.5638,1.7727,-2.2406,-2.5556,-2.5538,-2.5515,-2.5598,-2.5635,-2.5658,-2.5641,-2.5527,-2.5545,-2.5569,-2.549,-2.5501,-2.5485,-2.5534,-2.553,-2.5597,-2.5597,-2.5619,-2.5587,-2.5576,-2.5546,-2.5517,-2.5541,-2.5509,-2.5486,-2.5521,-2.5561,-2.5612,-2.5608,-2.5576,-2.5623,-2.553,-2.5516,-2.5517,-2.5549,-2.5576,-2.5567,-2.5568,-2.5605,-2.5605,-2.5568,-2.5546,-1.2191,2.1138,2.5604,2.5576,2.5572,2.5552,2.5567,2.5578,2.5622,2.559,2.5502,2.558,2.5589,2.5653,2.5665,2.5633,2.5555,2.5624,2.5576,2.5597,2.5609,2.5606,2.56,2.5596,2.5583,2.5601,2.5633,2.5546,2.5586,2.569,2.5658,2.5646,2.5628,2.5606,2.56,2.5595,2.5628,2.5635,2.5608,2.5486,2.5601,2.555,2.5568,2.5575,0.99269,-1.912,-2.5546,-2.5546,-2.5568,-2.56,-2.5578,-2.5605,-2.5661,-2.5597,-2.5552,-2.5585,-2.557,-2.5558,-2.5539,-2.5601,-2.56,-2.56,-2.5579,-2.5605,-2.5517,-2.5538,-2.5505,-2.5576,-2.5576,-2.5562,-2.5578,-2.5643,-2.5623,-2.5605,-2.5579,-2.5518,-2.5572,-2.5489,-2.5516,-2.5533,-2.5576,-2.5562,-2.5546,-2.5601,-2.5635,-2.5565,-2.5571,-2.5547,-1.182
4473,21:14:43,0,4472,1,0.0021,12,440,439,2.5156,2.5186,2.5457,2.5245,2.5516,2.5368,2.5156,2.5363,2.5279,2.5422,2.522,2.5481,2.5161,2.5491,2.5156,2.5156,2.527,2.5372,2.5329,2.5111,2.4797,2.5058,2.5156,2.5156,2.5156,2.5495,2.5206,2.5436,2.5156,2.5156,2.5324,2.5318,2.5156,2.5413,2.5229,2.5472,2.517,2.5516,2.5516,2.5441,2.5156,2.529,0.23196,-2.5709,-2.5875,-2.5875,-2.5875,-2.5875,-2.5875,-2.6223,-2.5875,-2.5875,-2.5975,-2.6105,-2.5875,-2.6251,-2.6376,-2.5987,-2.5875,-2.5875,-2.5875,-2.5875,-2.5875,-2.5875,-2.5875,-2.5875,-2.5875,-2.5875,-2.5875,-2.5875,-2.5875,-2.5875,-2.5875,-2.6591,-2.5875,-2.5875,-2.5875,-2.5875,-2.5875,-2.5875,-2.5875,-2.6113,-2.5967,-2.5875,-2.5875,-2.6231,-2.5875,-1.7866,2.5344,2.4912,2.5156,2.5156,2.536,2.5282,2.5156,2.5156,2.5478,2.5164,2.5178,2.5464,2.5156,2.5267,2.5516,2.5516,2.5316,2.5385,2.5516,2.5516,2.5516,2.5169,2.5156,2.5156,2.5232,2.5516,2.5516,2.5351,2.5351,2.5292,2.541,2.5516,2.5203,2.5499,2.5156,2.5156,2.5228,2.5415,2.5156,2.5156,2.5346,2.5296,-1.019,-2.5875,-2.5875,-2.5875,-2.5875,-2.5875,-2.5875,-2.5875,-2.5875,-2.5875,-2.5875,-2.5875,-2.5875,-2.5875,-2.5875,-2.5875,-2.5875,-2.5875,-2.5875,-2.5875,-2.5875,-2.5875,-2.5875,-2.5875,-2.5875,-2.5875,-2.5875,-2.5875,-2.5875,-2.5875,-2.5875,-2.5875,-2.5875,-2.5875,-2.5875,-2.608,-2.6234,-2.597,-2.6169,-2.5911,-2.5875,-2.5875,-2.5875,-2.604,-2.6258,-0.54124,2.5516,2.5315,2.5156,2.5156,2.5156,2.5156,2.5156,2.5175,2.5467,2.5156,2.5156,2.5156,2.499,2.4993,2.5382,2.5005,2.5082,2.5471,2.5516,2.517,2.5472,2.5156,2.5156,2.5288,2.5354,2.5156,2.5377,2.5516,2.4956,2.5106,2.5156,2.5166,2.5516,2.5447,2.5156,2.5284,2.5358,2.5156,2.5372,2.527,2.5156,2.5461,-2.2315,-2.5875,-2.5909,-2.6171,-2.5875,-2.5875,-2.6027,-2.6052,-2.5875,-2.5875,-2.5875,-2.5875,-2.6205,-2.6234,-2.5875,-2.5875,-2.5875,-2.5875,-2.5875,-2.5875,-2.5875,-2.5875,-2.5875,-2.5875,-2.62,-2.588,-2.5875,-2.5875,-2.5959,-2.6121,-2.5875,-2.5875,-2.5875,-2.5875,-2.5875,-2.5875,-2.5875,-2.5875,-2.5875,-2.5875,-2.5875,-2.5875,-2.5875,-2.5875,-2.5875,0.63785,2.5156,2.5156,2.5156,2.5502,2.5516,2.5516,2.5441,2.5156,2.5156,2.532,2.5323,2.5156,2.4904,2.5078,2.5467,2.5175,2.5156,2.5197,2.5446,2.5256,2.5516,2.5516,2.5516,2.5516,2.5268,2.5433,2.5516,2.5516,2.515,2.4868,2.5516,2.5421,2.5156,2.5156,2.534,2.5302,2.5156,2.5429,2.5214,2.5488,2.5158,2.5516,1.6779,-2.6144,-2.5875,-2.5875,-2.5875,-2.6083,-2.5996,-2.641,-2.5999,-2.5875,-2.5875,-2.5875,-2.5875,-2.5875,-2.5875,-2.5875,-2.5875,-2.6079,-2.6001,-2.6138,-2.5942,-2.5875,-2.5875,-2.5875,-2.5875,-2.5875,-2.5875,-2.5875,-2.5875,-2.5875,-2.5875,-2.5875,-2.5875,-2.5875,-2.5875,-2.5875,-2.5875,-2.5875,-2.5875,-2.601,-2.6234,-2.604,-2.5875,-2.5875,-2.5875,1.8529,2.5499,2.5156,2.5156,2.5156,2.5156,2.5287,2.5355,2.5156,2.5156,2.5156,2.5156,2.5464,2.5516,2.5508,2.5194,2.5449,2.5156,2.5282,2.536,2.5341,2.5301,2.5156,2.5156,2.5156,2.5489,2.5159,2.5483,2.5156,2.5248,2.5516,2.5214,2.5158,2.5516,2.5276,2.5425,2.5516,2.5516,2.48,2.5156,2.5214,2.5429,2.5273,0.43109,-2.6242,-2.5875,-2.5875,-2.5875,-2.5875,-2.5875,-2.5875,-2.5875,-2.5875,-2.5875,-2.5987,-2.6093,-2.5875,-2.5875,-2.6105,-2.5975,-2.5875,-2.5875,-2.5875,-2.5875,-2.5875,-2.5875,-2.5875,-2.5875,-2.5875,-2.6071,-2.6009,-2.5875,-2.5875,-2.5875,-2.5875,-2.5875,-2.5875,-2.5875,-2.5875,-2.5875,-2.5875,-2.5875,-2.6096,-2.6234,-2.5954,-2.5875,-2.6553,-2.455
4473,21:14:43,0,4472,2,0.0021,12,440,439,2.5875,2.5905,2.6175,2.5875,2.5875,2.5875,2.5875,2.5875,2.5875,2.5875,2.5875,2.5875,2.623,2.5875,2.5875,2.5875,2.5989,2.6091,2.5875,2.5875,2.5875,2.5875,2.5875,2.5875,2.5875,2.5875,2.5875,2.5875,2.5875,2.5875,2.5875,2.5875,2.5875,2.5875,2.5875,2.5875,2.5875,2.5875,2.5875,2.5875,2.5875,2.5875,2.5875,-0.15184,-2.4934,-2.5049,-2.5156,-2.5156,-2.4816,-2.5156,-2.5156,-2.5156,-2.5156,-2.5156,-2.5156,-2.5156,-2.5156,-2.5156,-2.5156,-2.5156,-2.5156,-2.5156,-2.5156,-2.5156,-2.5156,-2.5156,-2.5156,-2.5156,-2.5156,-2.5156,-2.5156,-2.5458,-2.5184,-2.5156,-2.5156,-2.5156,-2.5156,-2.5156,-2.5156,-2.5156,-2.5156,-2.5156,-2.5156,-2.5156,-2.483,-2.5153,-2.1401,2.5875,2.5875,2.5875,2.5875,2.5875,2.5875,2.5875,2.5875,2.5875,2.5875,2.5875,2.5875,2.5875,2.5875,2.5875,2.5875,2.5875,2.5875,2.5875,2.5875,2.5875,2.5875,2.5875,2.5875,2.5875,2.5875,2.5875,2.5875,2.5875,2.5875,2.6099,2.5981,2.5875,2.5875,2.5875,2.5875,2.5875,2.5875,2.5875,2.5875,2.5875,2.6065,2.6015,2.5875,-1.3669,-2.5156,-2.5156,-2.5156,-2.5156,-2.5022,-2.463,-2.5156,-2.5156,-2.5156,-2.5156,-2.5156,-2.5156,-2.5156,-2.5156,-2.5156,-2.5156,-2.5156,-2.5064,-2.4918,-2.5156,-2.4795,-2.4858,-2.5156,-2.5156,-2.5156,-2.5156,-2.5156,-2.5156,-2.5156,-2.5156,-2.5156,-2.5156,-2.5156,-2.5156,-2.5156,-2.5156,-2.5156,-2.5156,-2.5156,-2.5156,-2.5156,-2.5156,-0.92504,2.5875,2.5875,2.5875,2.5645,2.5775,2.5875,2.5875,2.5875,2.5875,2.5875,2.5875,2.5875,2.5875,2.5875,2.5875,2.5875,2.5875,2.5875,2.5875,2.5875,2.5875,2.5875,2.5875,2.5875,2.5875,2.5875,2.5875,2.6096,2.5984,2.5875,2.5875,2.6214,2.5875,2.5875,2.5875,2.5875,2.5875,2.5875,2.5875,2.5875,2.6121,2.5959,2.5875,2.5875,-2.5156,-2.5156,-2.5156,-2.5156,-2.5156,-2.5004,-2.4979,-2.5156,-2.5156,-2.5156,-2.5156,-2.5156,-2.5156,-2.5156,-2.5156,-2.5156,-2.5156,-2.5156,-2.5156,-2.5156,-2.5156,-2.5156,-2.5156,-2.5156,-2.5156,-2.5156,-2.5156,-2.5156,-2.5156,-2.5156,-2.5156,-2.5156,-2.5156,-2.5156,-2.5156,-2.5156,-2.5156,-2.5156,-2.5106,-2.4797,-2.4906,-2.5156,-2.5156,0.28999,2.5875,2.5875,2.5875,2.5875,2.5875,2.5875,2.5965,2.6444,2.5875,2.5875,2.5875,2.5875,2.6097,2.5982,2.5875,2.5875,2.5875,2.5875,2.5875,2.5875,2.5875,2.5875,2.5716,2.5704,2.5875,2.637,2.604,2.5875,2.5875,2.5875,2.5875,2.5875,2.5875,2.5875,2.5875,2.5875,2.5875,2.5875,2.5875,2.5875,2.5875,2.5875,2.5875,2.5814,1.2793,-2.5156,-2.5156,-2.5156,-2.5156,-2.5156,-2.5156,-2.5156,-2.483,-2.5153,-2.5156,-2.5156,-2.5156,-2.5156,-2.5156,-2.5156,-2.5156,-2.5156,-2.5156,-2.5156,-2.5156,-2.5156,-2.5156,-2.5156,-2.5156,-2.5156,-2.5156,-2.5156,-2.5156,-2.5156,-2.5156,-2.5156,-2.5156,-2.5156,-2.5156,-2.5156,-2.5156,-2.5156,-2.5156,-2.5156,-2.5156,-2.5156,-2.5156,1.4767,2.5828,2.5875,2.5875,2.5875,2.5875,2.5875,2.5875,2.5875,2.5875,2.5875,2.5875,2.5875,2.5875,2.5875,2.5875,2.5875,2.5875,2.5875,2.5875,2.5875,2.5875,2.5875,2.5875,2.5875,2.6482,2.5928,2.5875,2.5875,2.5875,2.5875,2.5875,2.5875,2.5875,2.5875,2.5875,2.6144,2.5936,2.5875,2.5875,2.5875,2.5875,2.5875,2.5992,2.5942,0.072808,-2.5156,-2.5156,-2.5156,-2.5156,-2.5156,-2.5156,-2.5156,-2.5156,-2.5156,-2.5156,-2.5156,-2.5156,-2.5156,-2.5156,-2.5156,-2.5156,-2.5156,-2.5156,-2.5156,-2.5156,-2.5156,-2.5156,-2.5156,-2.5156,-2.5156,-2.5156,-2.5156,-2.5156,-2.5156,-2.5156,-2.5156,-2.5156,-2.5156,-2.5156,-2.5156,-2.5156,-2.5156,-2.5156,-2.5156,-2.5156,-2.5156,-2.5156,2.5525
